estrategia,K,H,W_melhor,execucoes_no_otimo_%,execucoes_convergidas,Silhueta,ARI,menor_cluster,tamanhos,grupos_variaveis
E0,2,1,256513.7482436999,100.0,100,0.29609380499143023,0.06855290211864161,1018,1018 / 3583,57
E0,2,2,244486.69834951469,7.000000000000001,100,0.6596309439335903,-0.00494969888751088,34,34 / 4567,11 / 46
E0,3,1,254414.0128791627,100.0,100,0.25146823998278783,0.0784415275629891,32,32 / 1187 / 3382,57
E0,3,2,239373.65768175773,1.0,100,0.24537947506560984,0.19836737946485616,34,34 / 1097 / 3470,11 / 46
E0,3,3,234585.86636710563,20.0,100,0.1409212922202987,0.3854114847029058,34,34 / 1194 / 3373,11 / 22 / 24
E0,4,1,253278.67951747525,100.0,100,0.048425779609128035,0.09157673960534513,22,22 / 697 / 1640 / 2242,57
E0,4,2,233358.7022137824,25.0,99,0.24279690177261976,0.14930979826684454,24,24 / 253 / 1049 / 3275,12 / 45
E0,4,3,228516.44366872052,22.0,100,0.16196116945853542,0.274405485178691,24,24 / 241 / 1080 / 3256,11 / 22 / 24
E0,4,4,227261.65090134562,1.0,100,0.15762401967536946,0.2450719122558436,29,29 / 400 / 1074 / 3098,5 / 9 / 18 / 25
E1,2,1,2219683137.0186467,100.0,100,0.8443928955868427,0.0421803748538226,238,238 / 4363,57
E1,2,2,986073590.1336627,100.0,100,0.841852597876499,0.04114946717281619,273,273 / 4328,1 / 56
E1,3,1,2213467423.393072,100.0,100,0.782814183202131,0.07727466531293078,77,77 / 423 / 4101,57
E1,3,2,665348979.0757254,100.0,100,0.7922787698094584,0.06870946106412264,56,56 / 448 / 4097,1 / 56
E1,3,3,630381885.1681557,100.0,100,0.7832925308874846,0.07293509119869876,72,72 / 469 / 4060,1 / 1 / 55
E1,4,1,2205522612.9622035,100.0,100,0.7312548605669379,0.09884126881279641,5,5 / 179 / 622 / 3795,57
E1,4,2,570371127.8690403,100.0,100,0.7167264935461295,0.10002691665060735,52,52 / 225 / 659 / 3665,1 / 56
E1,4,3,525070513.44402117,100.0,100,0.7257341095066809,0.0976468590341398,52,52 / 193 / 652 / 3704,1 / 1 / 55
E1,4,4,524666467.71932364,100.0,100,0.7257341095066809,0.0976468590341398,52,52 / 193 / 652 / 3704,1 / 1 / 1 / 54
E2,2,1,893.1597509056107,100.0,100,0.2230422963270211,0.09479470464561902,1139,1139 / 3462,57
E2,2,2,812.8815696456606,100.0,100,0.09833461249570156,0.18861894177465216,1834,1834 / 2767,4 / 53
E2,3,1,886.3477379406362,100.0,100,0.17883875920104386,0.11968203839787717,32,32 / 1431 / 3138,57
E2,3,2,800.4245061958088,28.000000000000004,100,0.09847859315865186,0.1460038257238035,356,356 / 1705 / 2540,4 / 53
E2,3,3,747.963644576138,22.0,100,0.11002298076518836,0.2042425040154473,30,30 / 1807 / 2764,4 / 8 / 45
E2,4,1,882.6623208872091,100.0,100,0.0547210289145377,0.08497399439801125,20,20 / 743 / 1774 / 2064,57
E2,4,2,790.6275695244819,90.0,100,0.048571730885373754,0.1285389722662237,79,79 / 635 / 1768 / 2119,4 / 53
E2,4,3,729.1221695377391,3.0,100,0.11209627654742096,0.15182526442787217,26,26 / 288 / 1762 / 2525,4 / 10 / 43
E2,4,4,703.2867241364438,2.0,100,0.1335019044241307,0.17650043437883248,30,30 / 124 / 1771 / 2676,1 / 4 / 8 / 44
E3,2,1,91068.3097709367,100.0,100,0.19044962405115576,0.14226895258756703,1140,1140 / 3461,57
E3,2,2,87179.31441560185,100.0,100,0.14059019066603926,0.4608639003016415,1245,1245 / 3356,24 / 33
E3,3,1,90143.85683843309,100.0,100,0.05077350445970592,0.10707256208575211,622,622 / 1844 / 2135,57
E3,3,2,83932.87185819422,32.0,100,0.16350990822796635,0.32569106138775333,267,267 / 1122 / 3212,26 / 31
E3,3,3,80461.8453953077,93.0,100,0.16060937925082341,0.38359390756388184,175,175 / 1195 / 3231,13 / 20 / 24
E3,4,1,89766.53315831223,100.0,100,0.002292888721790542,0.09110359662391233,407,407 / 871 / 1514 / 1809,57
E3,4,2,82491.80675399592,55.00000000000001,100,0.0767294913603075,0.37640268122996173,247,247 / 542 / 1303 / 2509,26 / 31
E3,4,3,79010.0487497692,50.0,100,0.06498504990269613,0.36569550386019656,174,174 / 662 / 1388 / 2377,13 / 20 / 24
E3,4,4,77676.65801797654,4.0,100,0.06366311406033853,0.27806474012408794,174,174 / 790 / 1170 / 2467,2 / 13 / 20 / 22
E4,2,1,253042.53683000372,100.0,100,0.18945499237347235,0.11993899037850138,1203,1203 / 3398,57
E4,2,2,244665.7938433597,1.0,100,0.0964577794049225,0.535963145460628,1384,1384 / 3217,26 / 31
E4,3,1,250484.33617407398,100.0,100,0.02522445752207004,0.09692718020952149,712,712 / 1889 / 2000,57
E4,3,2,233071.8048084514,1.0,100,0.1415526372388217,0.3593045228467195,183,183 / 1336 / 3082,17 / 40
E4,3,3,225299.12042690394,36.0,100,0.11867194449162391,0.4498726270534388,170,170 / 1306 / 3125,13 / 19 / 25
E4,4,1,249369.2937938895,100.0,100,0.0017327947694139435,0.0818184694275567,240,240 / 886 / 1491 / 1984,57
E4,4,2,230241.3277790943,13.0,100,0.04288436033518679,0.42045266950742255,266,266 / 630 / 1320 / 2385,27 / 30
E4,4,3,220016.22790675546,5.0,100,0.12038884054583718,0.41712726763587504,33,33 / 233 / 1308 / 3027,12 / 19 / 26
E4,4,4,219130.11762965756,3.0,100,0.12030988334891343,0.4368084978592295,33,33 / 236 / 1343 / 2989,10 / 12 / 17 / 18
E5,2,1,4300.963033253731,100.0,100,0.12588175473759247,0.18102311560451015,1558,1558 / 3043,57
E5,2,2,3127.145725987548,43.0,100,0.10900138686534193,0.2757210291686433,2179,2179 / 2422,4 / 53
E5,3,1,4268.587405259039,100.0,100,0.049615548378514576,0.10298952402365548,761,761 / 1816 / 2024,57
E5,3,2,3068.580122690396,1.0,100,0.06895592024100926,0.2189804665181793,1273,1273 / 1404 / 1924,4 / 53
E5,3,3,2906.2307383836205,8.0,100,0.12921869569729794,0.3911113830756633,265,265 / 1717 / 2619,4 / 22 / 31
E5,4,1,4256.9569879695855,100.0,100,0.024264163852192988,0.09660198344854502,455,455 / 1108 / 1263 / 1775,57
E5,4,2,3043.446065439548,98.0,100,0.06633123927900293,0.16232884252251772,233,233 / 1171 / 1229 / 1968,5 / 52
E5,4,3,2829.1288032659877,25.0,100,0.06789503095929646,0.23574289902071532,231,231 / 1159 / 1437 / 1774,4 / 22 / 31
E5,4,4,2677.666801924846,1.0,100,0.07633032025194164,0.2100964573383471,190,190 / 1156 / 1229 / 2026,3 / 5 / 16 / 33
E6,2,1,1663446.9321837472,100.0,100,0.17232241550717872,0.12224540820060392,1640,1640 / 2961,57
E6,2,2,1365921.4624630674,100.0,100,0.15685895743137604,0.15597453440179426,1893,1893 / 2708,10 / 47
E6,3,1,1635044.696708873,100.0,100,0.09319864142514832,0.09425413395737937,781,781 / 1747 / 2073,57
E6,3,2,1327036.4721646523,100.0,100,0.07686731235312207,0.10635179058593995,866,866 / 1803 / 1932,10 / 47
E6,3,3,1223934.4715045905,38.0,100,0.18291033996886724,0.2760790720404136,557,557 / 1252 / 2792,8 / 20 / 29
E6,4,1,1624059.049269264,100.0,100,0.03851771084068542,0.07256892876926074,539,539 / 1118 / 1389 / 1555,57
E6,4,2,1309800.7584788385,78.0,100,0.019886566610474013,0.08960387488897967,679,679 / 959 / 1268 / 1695,10 / 47
E6,4,3,1184796.1853543376,85.0,100,0.10180149460559579,0.21569676401998264,428,428 / 793 / 1470 / 1910,8 / 20 / 29
E6,4,4,1142430.204639366,23.0,100,0.10706942208591781,0.1960733736011744,230,230 / 869 / 1668 / 1834,8 / 14 / 17 / 18
E7,2,1,34769.96232073636,100.0,100,0.19211276000310964,0.11498857011051924,1646,1646 / 2955,57
E7,2,2,29809.21949762889,2.0,100,0.17859739803778496,0.20610104753207045,1902,1902 / 2699,11 / 46
E7,3,1,34068.7296257096,100.0,100,0.11069633716284806,0.0942903282411258,816,816 / 1740 / 2045,57
E7,3,2,28891.732418449934,1.0,100,0.10935213822543075,0.1378709002943327,825,825 / 1710 / 2066,9 / 48
E7,3,3,26793.78405143498,12.0,100,0.13055998895727577,0.18995722800013579,867,867 / 1687 / 2047,8 / 19 / 30
E7,4,1,33814.584729272414,100.0,100,0.06127323187957414,0.07314487486209152,515,515 / 1122 / 1440 / 1524,57
E7,4,2,28317.39016652342,4.0,100,0.14642226961305962,0.22891016652526958,444,444 / 612 / 1218 / 2327,26 / 31
E7,4,3,25797.874718552448,33.0,100,0.13719045092787693,0.19933493184079804,458,458 / 621 / 1386 / 2136,8 / 19 / 30
E7,4,4,24908.34133533727,1.0,100,0.13797805636416718,0.1790308123734446,229,229 / 745 / 1583 / 2044,8 / 15 / 17 / 17
